[{"model": "auth.permission", "pk": 1, "fields": {"name": "Can add log entry", "content_type": 1, "codename": "add_logentry"}}, {"model": "auth.permission", "pk": 2, "fields": {"name": "Can change log entry", "content_type": 1, "codename": "change_logentry"}}, {"model": "auth.permission", "pk": 3, "fields": {"name": "Can delete log entry", "content_type": 1, "codename": "delete_logentry"}}, {"model": "auth.permission", "pk": 4, "fields": {"name": "Can view log entry", "content_type": 1, "codename": "view_logentry"}}, {"model": "auth.permission", "pk": 5, "fields": {"name": "Can add permission", "content_type": 2, "codename": "add_permission"}}, {"model": "auth.permission", "pk": 6, "fields": {"name": "Can change permission", "content_type": 2, "codename": "change_permission"}}, {"model": "auth.permission", "pk": 7, "fields": {"name": "Can delete permission", "content_type": 2, "codename": "delete_permission"}}, {"model": "auth.permission", "pk": 8, "fields": {"name": "Can view permission", "content_type": 2, "codename": "view_permission"}}, {"model": "auth.permission", "pk": 9, "fields": {"name": "Can add group", "content_type": 3, "codename": "add_group"}}, {"model": "auth.permission", "pk": 10, "fields": {"name": "Can change group", "content_type": 3, "codename": "change_group"}}, {"model": "auth.permission", "pk": 11, "fields": {"name": "Can delete group", "content_type": 3, "codename": "delete_group"}}, {"model": "auth.permission", "pk": 12, "fields": {"name": "Can view group", "content_type": 3, "codename": "view_group"}}, {"model": "auth.permission", "pk": 13, "fields": {"name": "Can add content type", "content_type": 4, "codename": "add_contenttype"}}, {"model": "auth.permission", "pk": 14, "fields": {"name": "Can change content type", "content_type": 4, "codename": "change_contenttype"}}, {"model": "auth.permission", "pk": 15, "fields": {"name": "Can delete content type", "content_type": 4, "codename": "delete_contenttype"}}, {"model": "auth.permission", "pk": 16, "fields": {"name": "Can view content type", "content_type": 4, "codename": "view_contenttype"}}, {"model": "auth.permission", "pk": 17, "fields": {"name": "Can add session", "content_type": 5, "codename": "add_session"}}, {"model": "auth.permission", "pk": 18, "fields": {"name": "Can change session", "content_type": 5, "codename": "change_session"}}, {"model": "auth.permission", "pk": 19, "fields": {"name": "Can delete session", "content_type": 5, "codename": "delete_session"}}, {"model": "auth.permission", "pk": 20, "fields": {"name": "Can view session", "content_type": 5, "codename": "view_session"}}, {"model": "auth.permission", "pk": 21, "fields": {"name": "Can add topic", "content_type": 6, "codename": "add_topic"}}, {"model": "auth.permission", "pk": 22, "fields": {"name": "Can change topic", "content_type": 6, "codename": "change_topic"}}, {"model": "auth.permission", "pk": 23, "fields": {"name": "Can delete topic", "content_type": 6, "codename": "delete_topic"}}, {"model": "auth.permission", "pk": 24, "fields": {"name": "Can view topic", "content_type": 6, "codename": "view_topic"}}, {"model": "auth.permission", "pk": 25, "fields": {"name": "Can add user", "content_type": 7, "codename": "add_redactor"}}, {"model": "auth.permission", "pk": 26, "fields": {"name": "Can change user", "content_type": 7, "codename": "change_redactor"}}, {"model": "auth.permission", "pk": 27, "fields": {"name": "Can delete user", "content_type": 7, "codename": "delete_redactor"}}, {"model": "auth.permission", "pk": 28, "fields": {"name": "Can view user", "content_type": 7, "codename": "view_redactor"}}, {"model": "auth.permission", "pk": 29, "fields": {"name": "Can add newspaper", "content_type": 8, "codename": "add_newspaper"}}, {"model": "auth.permission", "pk": 30, "fields": {"name": "Can change newspaper", "content_type": 8, "codename": "change_newspaper"}}, {"model": "auth.permission", "pk": 31, "fields": {"name": "Can delete newspaper", "content_type": 8, "codename": "delete_newspaper"}}, {"model": "auth.permission", "pk": 32, "fields": {"name": "Can view newspaper", "content_type": 8, "codename": "view_newspaper"}}, {"model": "contenttypes.contenttype", "pk": 1, "fields": {"app_label": "admin", "model": "logentry"}}, {"model": "contenttypes.contenttype", "pk": 2, "fields": {"app_label": "auth", "model": "permission"}}, {"model": "contenttypes.contenttype", "pk": 3, "fields": {"app_label": "auth", "model": "group"}}, {"model": "contenttypes.contenttype", "pk": 4, "fields": {"app_label": "contenttypes", "model": "contenttype"}}, {"model": "contenttypes.contenttype", "pk": 5, "fields": {"app_label": "sessions", "model": "session"}}, {"model": "contenttypes.contenttype", "pk": 6, "fields": {"app_label": "catalog", "model": "topic"}}, {"model": "contenttypes.contenttype", "pk": 7, "fields": {"app_label": "catalog", "model": "redactor"}}, {"model": "contenttypes.contenttype", "pk": 8, "fields": {"app_label": "catalog", "model": "newspaper"}}, {"model": "sessions.session", "pk": "76j8olbvajfpq7pdl35w8mtkj73oqk13", "fields": {"session_data": ".eJxVjDsOwyAQBe9CHSF2zRpwmT5nQPwckw-WjEkT5e6xJRdJ-2bevJl1bZ1sq2mxObKBATv9bt6Feyo7iDdXrjMPc1mX7Pmu8INWfpljepwP9y8wuTptb8QUuoiCVCBMaAI4GmOvKUGvwEmS2vQekEb0SlBntFEBpBJ6NKhRbdHSnvaVa14rG-DzBRoJO5E:1ssi8r:gyBStT2v87tra6x5ZF27pNB3-Xo-qbM24eBYLDxQGO8", "expire_date": "2024-10-07T12:26:13.226Z"}}, {"model": "catalog.topic", "pk": 1, "fields": {"name": "Social Issues"}}, {"model": "catalog.topic", "pk": 2, "fields": {"name": "Politics"}}, {"model": "catalog.topic", "pk": 3, "fields": {"name": "Bussines"}}, {"model": "catalog.topic", "pk": 4, "fields": {"name": "Art"}}, {"model": "catalog.topic", "pk": 5, "fields": {"name": "Crime"}}, {"model": "catalog.topic", "pk": 6, "fields": {"name": "Trade"}}, {"model": "catalog.topic", "pk": 7, "fields": {"name": "Weather"}}, {"model": "catalog.topic", "pk": 8, "fields": {"name": "Science"}}, {"model": "catalog.topic", "pk": 9, "fields": {"name": "Technology"}}, {"model": "catalog.topic", "pk": 10, "fields": {"name": "Sports"}}, {"model": "catalog.topic", "pk": 11, "fields": {"name": "Fashion and Beauty"}}, {"model": "catalog.topic", "pk": 12, "fields": {"name": "Education"}}, {"model": "catalog.topic", "pk": 13, "fields": {"name": "Relationships and Family"}}, {"model": "catalog.topic", "pk": 14, "fields": {"name": "DIY and Home Improvement"}}, {"model": "catalog.topic", "pk": 15, "fields": {"name": "Philosophy and Ethics"}}, {"model": "catalog.redactor", "pk": 1, "fields": {"password": "pbkdf2_sha256$870000$fyzmNKQytHlbRLaMzJUzzc$6TA9ubfQoGpH1BRnoy8396nqiXBVv0km8Ty3m6YQ350=", "last_login": "2024-09-23T12:26:13.207Z", "is_superuser": true, "username": "admin", "first_name": "", "last_name": "", "email": "admi@mail.com", "is_staff": true, "is_active": true, "date_joined": "2024-09-20T13:16:49.377Z", "years_of_experience": 0, "groups": [], "user_permissions": []}}, {"model": "catalog.redactor", "pk": 2, "fields": {"password": "pbkdf2_sha256$870000$2whGFqh7Ho0UyJcgNvQ81f$H8/bjLEnT6Y89xR6OIkmo3iYbhLx/WafJtwcsVN4Tdw=", "last_login": null, "is_superuser": false, "username": "editor123", "first_name": "Alice", "last_name": "Smith", "email": "", "is_staff": false, "is_active": true, "date_joined": "2024-09-22T11:11:34.128Z", "years_of_experience": 5, "groups": [], "user_permissions": []}}, {"model": "catalog.redactor", "pk": 3, "fields": {"password": "pbkdf2_sha256$870000$ZpTCyOoxVvDnsDrtCKFQSG$Sez5BtAsp4fk9/sYGwHB240NjhBYe+ARH/VBZmVlg+E=", "last_login": null, "is_superuser": false, "username": "news_writer89", "first_name": "John", "last_name": "Doe", "email": "", "is_staff": false, "is_active": true, "date_joined": "2024-09-22T11:32:33.281Z", "years_of_experience": 7, "groups": [], "user_permissions": []}}, {"model": "catalog.redactor", "pk": 4, "fields": {"password": "pbkdf2_sha256$870000$VarjfHEeJskfDdGIphzo99$kDpalSqn4UI6n30kqzaYjlp6BBImoBSNiPhV1GdCvEs=", "last_login": null, "is_superuser": false, "username": "dailyeditor", "first_name": "Emily", "last_name": "Brown", "email": "", "is_staff": false, "is_active": true, "date_joined": "2024-09-22T11:33:28.089Z", "years_of_experience": 6, "groups": [], "user_permissions": []}}, {"model": "catalog.redactor", "pk": 5, "fields": {"password": "pbkdf2_sha256$870000$e4E9CX1SCymqs0uZmIvKp8$YPbnGXuzqXUaBRlYCeap6pRUKEXvUuXMyYOGil1ArwY=", "last_login": null, "is_superuser": false, "username": "journalist_pro", "first_name": "Michael", "last_name": "Johnson", "email": "", "is_staff": false, "is_active": true, "date_joined": "2024-09-22T11:34:29.308Z", "years_of_experience": 19, "groups": [], "user_permissions": []}}, {"model": "catalog.redactor", "pk": 6, "fields": {"password": "pbkdf2_sha256$870000$1pxRv8weapMLG0bMWy2olX$b5kLsiQ6YjtK2+Igv1p9b5GaayMHcZzw05xAqv7KNXU=", "last_login": null, "is_superuser": false, "username": "bobiwe", "first_name": "Emma", "last_name": "Williams", "email": "", "is_staff": false, "is_active": true, "date_joined": "2024-09-22T11:35:32.191Z", "years_of_experience": 2, "groups": [], "user_permissions": []}}, {"model": "catalog.redactor", "pk": 7, "fields": {"password": "pbkdf2_sha256$870000$CJnrjICNRe15gSJiSL6yqm$7KVmnQQ7Vi3O915REHheRSihLnzpxnpYOA7/EgFZ4gw=", "last_login": null, "is_superuser": false, "username": "headline_master", "first_name": "David", "last_name": "Jones", "email": "", "is_staff": false, "is_active": true, "date_joined": "2024-09-22T11:36:07.868Z", "years_of_experience": 8, "groups": [], "user_permissions": []}}, {"model": "catalog.redactor", "pk": 8, "fields": {"password": "pbkdf2_sha256$870000$OAR7NUdQKOXDRQDZGbW1w5$ais1pEHX4DGs8YF/c1ua8tQqvT8fBQY+bdf2CyIl9k0=", "last_login": null, "is_superuser": false, "username": "turtel", "first_name": "Sophia", "last_name": "Garcia", "email": "", "is_staff": false, "is_active": true, "date_joined": "2024-09-22T11:36:46.168Z", "years_of_experience": 1, "groups": [], "user_permissions": []}}, {"model": "catalog.redactor", "pk": 9, "fields": {"password": "pbkdf2_sha256$870000$qJZRhbZC7VdzPclWNsslC6$4e1TxYKYd4XA7HcgH8uv3gakGheYb9W01pEmJkVP+KY=", "last_login": null, "is_superuser": false, "username": "streeter", "first_name": "James", "last_name": "Martinez", "email": "", "is_staff": false, "is_active": true, "date_joined": "2024-09-22T11:37:33.148Z", "years_of_experience": 6, "groups": [], "user_permissions": []}}, {"model": "catalog.redactor", "pk": 10, "fields": {"password": "pbkdf2_sha256$870000$8AH7HxkJkZqUbhlvGcGaDg$exTcsVUClvMD/vI2EapuxaloGBhQHlo+Gw6wkwRcljQ=", "last_login": null, "is_superuser": false, "username": "wtfhelp", "first_name": "Isabella", "last_name": "Davis", "email": "", "is_staff": false, "is_active": true, "date_joined": "2024-09-22T11:38:11.005Z", "years_of_experience": 7, "groups": [], "user_permissions": []}}, {"model": "catalog.newspaper", "pk": 1, "fields": {"title": "The Evolution of Sports: From Ancient Times to Modern Day", "content": "Sports have been an integral part of human culture for thousands of years, evolving from simple physical contests to highly organized competitions that capture the hearts of millions.\r\n\r\nAncient Beginnings\r\nThe origins of sports can be traced back to ancient civilizations, where physical activities were often tied to military training and religious rituals. The ancient Greeks celebrated athletic prowess with the Olympic Games, established in 776 BC, featuring events like running, wrestling, and chariot racing. These games were not just competitions; they were a way to honor the gods and foster a sense of unity among city-states.\r\n\r\nThe Rise of Professionalism\r\nAs societies developed, so did the structure of sports. The 19th century marked a significant shift towards professionalism, especially in sports like cricket and football (soccer). The establishment of rules, leagues, and governing bodies transformed sports into organized events that attracted both players and spectators. The creation of the Football Association in 1863 is a prime example, standardizing the rules for soccer and leading to the sport's global popularity.\r\n\r\nThe Global Phenomenon\r\nToday, sports are a multi-billion-dollar industry, with events like the FIFA World Cup and the Olympic Games drawing audiences from around the world. Major leagues such as the NFL, NBA, and Premier League have not only produced star athletes but also shaped popular culture and national identities.\r\n\r\nThe Impact of Technology\r\nTechnology has further transformed sports, enhancing both performance and viewing experiences. Advances in training techniques, equipment, and analytics have helped athletes push the limits of human potential. Meanwhile, broadcasting innovations and social media have made it easier for fans to connect with their favorite teams and players, fostering a global community.\r\n\r\nConclusion\r\nSports continue to evolve, reflecting societal changes and advancements. Whether it’s the thrill of competition, the joy of teamwork, or the unity it brings to diverse populations, sports remain a vital part of our human experience. As we look to the future, the world of sports will undoubtedly continue to inspire and entertain, transcending borders and cultures.", "published_date": "2024-09-22", "topic": 10, "publishers": [1]}}, {"model": "catalog.newspaper", "pk": 2, "fields": {"title": "LeBron James Shines in Another Stellar Performance", "content": "NBA superstar LeBron James once again proved why he’s considered one of the greatest players of all time. In a recent game, James scored an impressive 38 points, grabbed 10 rebounds, and dished out 7 assists, leading his team to a thrilling victory. Fans were treated to a masterclass in basketball, as LeBron dominated both offensively and defensively. As the season progresses, many are wondering just how far he can carry his team this year.", "published_date": "2024-09-22", "topic": 10, "publishers": [2]}}, {"model": "catalog.newspaper", "pk": 3, "fields": {"title": "Surprise Upsets Kick Off the New NBA Season", "content": "The new NBA season has started with some shocking upsets, as underdog teams have managed to pull off victories against top contenders. In several matches, the less favored teams showcased unexpected resilience and skill, making it clear that this season will be anything but predictable. Fans are already buzzing about the exciting and competitive atmosphere that’s developing, setting the stage for a thrilling championship race.", "published_date": "2024-09-22", "topic": 10, "publishers": [2]}}, {"model": "catalog.newspaper", "pk": 4, "fields": {"title": "Manchester United Prepares for Crucial Premier League Clash", "content": "Manchester United is gearing up for a crucial Premier League match that could shape their season. With the pressure mounting, head coach Erik ten Hag emphasized the importance of focus and teamwork in their upcoming game. The squad has been working hard in training, preparing strategies to counter one of the league's strongest opponents. With key players returning from injury, fans are hopeful for a strong performance that could push United up the league table.", "published_date": "2024-09-22", "topic": 10, "publishers": [1, 2]}}, {"model": "catalog.newspaper", "pk": 9, "fields": {"title": "The Rise of Digital Payments: A Cashless Future?", "content": "In recent years, digital payments have seen explosive growth, reshaping how consumers and businesses manage transactions. Mobile wallets, contactless cards, and online banking services are now common, with platforms like PayPal, Apple Pay, and Google Pay leading the charge. This shift toward a cashless society was accelerated by the COVID-19 pandemic, as consumers opted for contactless payments to avoid physical currency exchanges. Digital payments offer convenience, speed, and security, making them attractive for both businesses and consumers.\r\n\r\nHowever, a cashless future raises concerns about financial inclusion. Millions of people around the world still lack access to digital banking tools, especially in developing countries. There's also the question of data privacy, as digital payments generate vast amounts of personal data, which could be vulnerable to cyberattacks. As digital payment systems continue to evolve, finding a balance between innovation and inclusivity will be essential for ensuring that no one is left behind in this financial revolution.", "published_date": "2024-09-22", "topic": 3, "publishers": [2, 6]}}, {"model": "catalog.newspaper", "pk": 10, "fields": {"title": "The Impact of Interest Rate Hikes on Global Economies", "content": "As central banks around the world grapple with inflation, interest rate hikes have become a common tool for managing economic stability. By increasing interest rates, central banks aim to cool down economies and reduce spending, helping to keep inflation in check. However, higher interest rates can have wide-reaching consequences, affecting everything from mortgage rates to business loans. Consumers may find borrowing more expensive, leading to a reduction in spending, while businesses may face higher costs for financing growth.\r\n\r\nThe impact of rising interest rates can be particularly challenging for emerging economies, where debt levels are high and currency fluctuations are common. As global interest rates climb, these countries could face difficulties in managing debt repayments and securing investment. On the flip side, higher interest rates could benefit savers, offering better returns on savings accounts and fixed-income investments. Central banks must tread carefully, balancing the need to control inflation with the risk of stifling economic growth.", "published_date": "2024-09-22", "topic": 3, "publishers": [9]}}, {"model": "catalog.newspaper", "pk": 11, "fields": {"title": "The Ethics of Artificial Intelligence: A Philosophical Dilemma", "content": "As artificial intelligence (AI) becomes increasingly integrated into our daily lives, it raises profound philosophical questions about ethics and human responsibility. From autonomous cars making split-second decisions to algorithms shaping the content we see online, AI is no longer just a tool but a decision-maker. This has led to debates about moral responsibility—if an AI system causes harm, who is to blame? Is it the creator, the user, or the machine itself?\r\n\r\nPhilosophers also question the fairness of AI. Many algorithms rely on data that may contain biases, leading to discrimination in areas such as hiring, policing, and lending. The challenge is to create AI systems that align with ethical principles such as fairness, accountability, and transparency. As AI continues to evolve, philosophers, technologists, and policymakers must collaborate to ensure these systems reflect the moral values of the societies they serve.", "published_date": "2024-09-22", "topic": 15, "publishers": [1, 2, 3, 4, 5, 6, 7, 8, 9, 10]}}, {"model": "catalog.newspaper", "pk": 13, "fields": {"title": "The Philosophy of Mind: Consciousness and the Brain", "content": "The philosophy of mind explores the relationship between consciousness and the brain, delving into one of the greatest mysteries of human existence: how do physical processes in the brain give rise to subjective experiences? This question has puzzled philosophers for centuries, and even with advances in neuroscience, the \"hard problem of consciousness\" remains unsolved. Some philosophers argue that consciousness is entirely a product of the brain's complex workings, while others suggest that consciousness may be a fundamental aspect of reality itself.\r\n\r\nVarious theories, such as dualism (the idea that mind and body are separate) and physicalism (the belief that everything about the mind can be explained by physical processes), offer different perspectives on this issue. The growing field of cognitive science continues to explore the neural correlates of consciousness, yet the nature of subjective experience—what it feels like to be \"you\"—remains a deep philosophical puzzle. Understanding consciousness may ultimately require both scientific inquiry and philosophical insight to fully grasp its complexities.", "published_date": "2024-09-22", "topic": 15, "publishers": [5, 6]}}, {"model": "catalog.newspaper", "pk": 14, "fields": {"title": "The Evolution of Abstract Art: From Kandinsky to the Modern Era", "content": "Abstract art, which breaks away from traditional representation to explore form, color, and emotion, has transformed the way we perceive visual expression. Its roots can be traced back to the early 20th century with pioneers like Wassily Kandinsky, who believed that art should not merely depict objects but evoke inner feelings and spiritual experiences. For Kandinsky, color and form were powerful tools to convey emotions beyond the constraints of reality.\r\n\r\nAs abstract art evolved, other artists like Piet Mondrian and Jackson Pollock further pushed its boundaries. Mondrian’s geometric compositions reflected his belief in a universal order, while Pollock’s \"drip paintings\" were expressions of spontaneity and chaos. Today, abstract art continues to influence contemporary artists who use it to explore identity, culture, and the human condition in an increasingly digital world. Its ability to communicate without words or clear imagery ensures that abstract art remains a vital and ever-evolving genre.", "published_date": "2024-09-22", "topic": 4, "publishers": [7, 8]}}, {"model": "catalog.newspaper", "pk": 15, "fields": {"title": "The Role of Art in Social Change: A Catalyst for Revolution", "content": "Throughout history, art has been a powerful tool for social and political change, challenging the status quo and inspiring revolutions. From Francisco Goya’s searing depictions of war to the bold, politically charged murals of Diego Rivera, artists have often used their work to critique societal injustices and promote reform. Art offers a unique medium through which emotions, ideas, and ideologies can be communicated in ways that transcend language and cultural barriers.\r\n\r\nIn the modern era, the role of art in activism has only grown stronger. Contemporary artists like Ai Weiwei and Banksy use their works to critique issues like authoritarianism, human rights violations, and economic inequality. Through public installations, street art, and social media, they reach a global audience, raising awareness and fostering dialogue. Art’s ability to provoke thought, stir emotions, and ignite action ensures that it will continue to be a vital force in movements for social justice and change.", "published_date": "2024-09-22", "topic": 4, "publishers": [9, 10]}}, {"model": "catalog.newspaper", "pk": 16, "fields": {"title": "The Rise of Cybercrime: A Growing Threat in the Digital Age", "content": "As technology advances, so do the methods used by criminals. Cybercrime, once a relatively niche area of illegal activity, has grown into a global menace. With the increasing dependence on digital infrastructure, hackers and cybercriminals have found new ways to exploit vulnerabilities for financial gain, espionage, and even political sabotage. Phishing attacks, ransomware, and identity theft are just a few examples of the myriad ways cybercriminals target individuals, corporations, and governments.\r\n\r\nOne of the most alarming aspects of cybercrime is its anonymity. Criminals can strike from anywhere in the world, making them difficult to track and prosecute. The growing use of cryptocurrencies has further complicated law enforcement efforts, allowing criminals to conduct transactions with little to no trace. To combat this, governments and companies are investing heavily in cybersecurity measures, but the constantly evolving nature of cyber threats means that the battle against cybercrime is far from over.", "published_date": "2024-09-22", "topic": 5, "publishers": [5]}}, {"model": "catalog.newspaper", "pk": 17, "fields": {"title": "Organized Crime: The Global Network of Illicit Enterprises", "content": "Organized crime has long been a significant challenge for law enforcement agencies around the world. From the Italian Mafia to the Yakuza in Japan and drug cartels in Latin America, these criminal organizations operate sophisticated networks that span across countries and continents. Their activities often include drug trafficking, arms smuggling, human trafficking, and extortion, generating billions of dollars in illegal revenue.\r\n\r\nWhat makes organized crime particularly dangerous is its ability to infiltrate legal institutions. Corruption and bribery allow these groups to gain influence in politics, law enforcement, and business, making it harder to dismantle their operations. Despite numerous efforts to curb their influence, organized crime continues to adapt and evolve, finding new ways to maintain power and profit. The fight against these criminal enterprises is a long and complex one, requiring international cooperation, intelligence sharing, and persistent law enforcement efforts.", "published_date": "2024-09-22", "topic": 5, "publishers": [8, 9]}}, {"model": "catalog.newspaper", "pk": 18, "fields": {"title": "The Rise of Artificial Intelligence", "content": "Artificial Intelligence (AI) has become an integral part of our daily lives, influencing various sectors such as healthcare, finance, and transportation. AI systems can analyze vast amounts of data and learn from patterns, enabling them to make predictions and decisions with minimal human intervention. As technology continues to advance, AI is expected to play a significant role in automating processes and enhancing efficiency across different industries.\r\n\r\nHowever, the rise of AI also raises ethical concerns regarding privacy and employment. As machines become more capable, there is a growing fear that they may replace human jobs, leading to economic disruption. Additionally, the collection of personal data by AI systems poses risks to individual privacy. Balancing the benefits of AI with these challenges will be crucial as society navigates this technological evolution.", "published_date": "2024-09-23", "topic": 9, "publishers": [1, 4, 5]}}, {"model": "catalog.newspaper", "pk": 19, "fields": {"title": "The Impact of Blockchain Technology", "content": "Blockchain technology has gained popularity as a secure and transparent way to record transactions. Originally developed for cryptocurrencies like Bitcoin, blockchain is now being applied in various fields, including supply chain management, healthcare, and voting systems. Its decentralized nature ensures that data cannot be easily altered, making it a reliable option for tracking assets and verifying identities.\r\n\r\nDespite its potential, the adoption of blockchain faces challenges, including scalability and regulatory hurdles. Many organizations are still unfamiliar with how to implement blockchain effectively. As research and development continue, it is likely that blockchain will become more accessible and its applications will expand, potentially transforming how industries operate.", "published_date": "2024-09-23", "topic": 9, "publishers": [9]}}, {"model": "catalog.newspaper", "pk": 20, "fields": {"title": "The Future of Renewable Energy", "content": "Renewable energy sources such as solar, wind, and hydroelectric power are becoming increasingly important as the world seeks to reduce its reliance on fossil fuels. These energy sources are not only sustainable but also help combat climate change by lowering greenhouse gas emissions. Innovations in technology have made renewable energy more efficient and cost-effective, leading to widespread adoption in both residential and commercial sectors.\r\n\r\nHowever, challenges remain in integrating renewable energy into existing power grids. Energy storage solutions are needed to manage the intermittent nature of sources like solar and wind. Continued investment in technology and infrastructure will be essential to overcome these challenges and ensure a sustainable energy future for generations to come.", "published_date": "2024-09-23", "topic": 9, "publishers": [5, 6]}}]